export-plot data (NetLogo 6.1.0-RC2),,,,,,,
00baseline.nlogo,,,,,,,
07/09/2020 14:18:46:678 +0800,,,,,,,
,,,,,,,
MODEL SETTINGS,,,,,,,
agv-number,item-in-pod,sku-per-pod,type-of-item,order-set,agv-location-file,layout-file,
20,"""pod set 1.csv""",2,50,"""order set 1.csv""","""AGV set 1.csv""","""layout set 2.csv""",
,,,,,,,
"""Robot Travelling Time""",,,,,,,
x min,x max,y min,y max,autoplot?,current pen,legend open?,number of pens
0,1940,0,210,TRUE,"""default""",FALSE,1
,,,,,,,
pen name,pen down?,mode,interval,color,x,,
"""default""",TRUE,0,1,0,1809,,
,,,,,,,
"""default""",,,,,,,
x,y,color,pen down?,,,,
0,36,0,TRUE,81.72265193,,,
1,43,0,TRUE,,,,
2,42,0,TRUE,,,,
3,47,0,TRUE,,,,
4,49,0,TRUE,,,,
5,49,0,TRUE,,,,
6,42,0,TRUE,,,,
7,51,0,TRUE,,,,
8,52,0,TRUE,,,,
9,70,0,TRUE,,,,
10,46,0,TRUE,,,,
11,75,0,TRUE,,,,
12,68,0,TRUE,,,,
13,72,0,TRUE,,,,
14,77,0,TRUE,,,,
15,67,0,TRUE,,,,
16,86,0,TRUE,,,,
17,70,0,TRUE,,,,
18,88,0,TRUE,,,,
19,91,0,TRUE,,,,
20,70,0,TRUE,,,,
21,84,0,TRUE,,,,
22,93,0,TRUE,,,,
23,83,0,TRUE,,,,
24,75,0,TRUE,,,,
25,83,0,TRUE,,,,
26,58,0,TRUE,,,,
27,69,0,TRUE,,,,
28,99,0,TRUE,,,,
29,76,0,TRUE,,,,
30,82,0,TRUE,,,,
31,88,0,TRUE,,,,
32,118,0,TRUE,,,,
33,119,0,TRUE,,,,
34,81,0,TRUE,,,,
35,96,0,TRUE,,,,
36,61,0,TRUE,,,,
37,106,0,TRUE,,,,
38,93,0,TRUE,,,,
39,70,0,TRUE,,,,
40,95,0,TRUE,,,,
41,81,0,TRUE,,,,
42,45,0,TRUE,,,,
43,74,0,TRUE,,,,
44,68,0,TRUE,,,,
45,77,0,TRUE,,,,
46,62,0,TRUE,,,,
47,140,0,TRUE,,,,
48,73,0,TRUE,,,,
49,86,0,TRUE,,,,
50,88,0,TRUE,,,,
51,143,0,TRUE,,,,
52,92,0,TRUE,,,,
53,81,0,TRUE,,,,
54,67,0,TRUE,,,,
55,81,0,TRUE,,,,
56,90,0,TRUE,,,,
57,80,0,TRUE,,,,
58,105,0,TRUE,,,,
59,53,0,TRUE,,,,
60,98,0,TRUE,,,,
61,87,0,TRUE,,,,
62,67,0,TRUE,,,,
63,86,0,TRUE,,,,
64,102,0,TRUE,,,,
65,90,0,TRUE,,,,
66,78,0,TRUE,,,,
67,57,0,TRUE,,,,
68,71,0,TRUE,,,,
69,99,0,TRUE,,,,
70,102,0,TRUE,,,,
71,84,0,TRUE,,,,
72,88,0,TRUE,,,,
73,79,0,TRUE,,,,
74,59,0,TRUE,,,,
75,84,0,TRUE,,,,
76,69,0,TRUE,,,,
77,64,0,TRUE,,,,
78,97,0,TRUE,,,,
79,73,0,TRUE,,,,
80,68,0,TRUE,,,,
81,82,0,TRUE,,,,
82,94,0,TRUE,,,,
83,91,0,TRUE,,,,
84,88,0,TRUE,,,,
85,61,0,TRUE,,,,
86,80,0,TRUE,,,,
87,71,0,TRUE,,,,
88,68,0,TRUE,,,,
89,120,0,TRUE,,,,
90,66,0,TRUE,,,,
91,110,0,TRUE,,,,
92,85,0,TRUE,,,,
93,82,0,TRUE,,,,
94,104,0,TRUE,,,,
95,77,0,TRUE,,,,
96,79,0,TRUE,,,,
97,52,0,TRUE,,,,
98,108,0,TRUE,,,,
99,64,0,TRUE,,,,
100,66,0,TRUE,,,,
101,72,0,TRUE,,,,
102,75,0,TRUE,,,,
103,101,0,TRUE,,,,
104,93,0,TRUE,,,,
105,56,0,TRUE,,,,
106,84,0,TRUE,,,,
107,72,0,TRUE,,,,
108,77,0,TRUE,,,,
109,57,0,TRUE,,,,
110,54,0,TRUE,,,,
111,57,0,TRUE,,,,
112,75,0,TRUE,,,,
113,69,0,TRUE,,,,
114,60,0,TRUE,,,,
115,101,0,TRUE,,,,
116,70,0,TRUE,,,,
117,65,0,TRUE,,,,
118,85,0,TRUE,,,,
119,80,0,TRUE,,,,
120,98,0,TRUE,,,,
121,48,0,TRUE,,,,
122,89,0,TRUE,,,,
123,66,0,TRUE,,,,
124,91,0,TRUE,,,,
125,83,0,TRUE,,,,
126,68,0,TRUE,,,,
127,51,0,TRUE,,,,
128,62,0,TRUE,,,,
129,75,0,TRUE,,,,
130,70,0,TRUE,,,,
131,104,0,TRUE,,,,
132,49,0,TRUE,,,,
133,92,0,TRUE,,,,
134,59,0,TRUE,,,,
135,82,0,TRUE,,,,
136,93,0,TRUE,,,,
137,79,0,TRUE,,,,
138,76,0,TRUE,,,,
139,65,0,TRUE,,,,
140,60,0,TRUE,,,,
141,65,0,TRUE,,,,
142,56,0,TRUE,,,,
143,82,0,TRUE,,,,
144,92,0,TRUE,,,,
145,73,0,TRUE,,,,
146,82,0,TRUE,,,,
147,67,0,TRUE,,,,
148,67,0,TRUE,,,,
149,98,0,TRUE,,,,
150,67,0,TRUE,,,,
151,70,0,TRUE,,,,
152,35,0,TRUE,,,,
153,63,0,TRUE,,,,
154,77,0,TRUE,,,,
155,92,0,TRUE,,,,
156,54,0,TRUE,,,,
157,60,0,TRUE,,,,
158,59,0,TRUE,,,,
159,100,0,TRUE,,,,
160,90,0,TRUE,,,,
161,80,0,TRUE,,,,
162,65,0,TRUE,,,,
163,67,0,TRUE,,,,
164,98,0,TRUE,,,,
165,70,0,TRUE,,,,
166,84,0,TRUE,,,,
167,80,0,TRUE,,,,
168,95,0,TRUE,,,,
169,129,0,TRUE,,,,
170,66,0,TRUE,,,,
171,95,0,TRUE,,,,
172,78,0,TRUE,,,,
173,69,0,TRUE,,,,
174,71,0,TRUE,,,,
175,78,0,TRUE,,,,
176,79,0,TRUE,,,,
177,50,0,TRUE,,,,
178,65,0,TRUE,,,,
179,87,0,TRUE,,,,
180,83,0,TRUE,,,,
181,64,0,TRUE,,,,
182,63,0,TRUE,,,,
183,70,0,TRUE,,,,
184,83,0,TRUE,,,,
185,99,0,TRUE,,,,
186,108,0,TRUE,,,,
187,76,0,TRUE,,,,
188,107,0,TRUE,,,,
189,55,0,TRUE,,,,
190,53,0,TRUE,,,,
191,86,0,TRUE,,,,
192,75,0,TRUE,,,,
193,100,0,TRUE,,,,
194,80,0,TRUE,,,,
195,88,0,TRUE,,,,
196,125,0,TRUE,,,,
197,60,0,TRUE,,,,
198,80,0,TRUE,,,,
199,89,0,TRUE,,,,
200,98,0,TRUE,,,,
201,87,0,TRUE,,,,
202,76,0,TRUE,,,,
203,58,0,TRUE,,,,
204,78,0,TRUE,,,,
205,101,0,TRUE,,,,
206,89,0,TRUE,,,,
207,66,0,TRUE,,,,
208,66,0,TRUE,,,,
209,66,0,TRUE,,,,
210,74,0,TRUE,,,,
211,78,0,TRUE,,,,
212,75,0,TRUE,,,,
213,99,0,TRUE,,,,
214,83,0,TRUE,,,,
215,50,0,TRUE,,,,
216,81,0,TRUE,,,,
217,66,0,TRUE,,,,
218,81,0,TRUE,,,,
219,100,0,TRUE,,,,
220,64,0,TRUE,,,,
221,81,0,TRUE,,,,
222,78,0,TRUE,,,,
223,53,0,TRUE,,,,
224,96,0,TRUE,,,,
225,101,0,TRUE,,,,
226,77,0,TRUE,,,,
227,81,0,TRUE,,,,
228,103,0,TRUE,,,,
229,71,0,TRUE,,,,
230,64,0,TRUE,,,,
231,92,0,TRUE,,,,
232,102,0,TRUE,,,,
233,83,0,TRUE,,,,
234,81,0,TRUE,,,,
235,82,0,TRUE,,,,
236,60,0,TRUE,,,,
237,85,0,TRUE,,,,
238,157,0,TRUE,,,,
239,100,0,TRUE,,,,
240,47,0,TRUE,,,,
241,66,0,TRUE,,,,
242,64,0,TRUE,,,,
243,83,0,TRUE,,,,
244,98,0,TRUE,,,,
245,75,0,TRUE,,,,
246,81,0,TRUE,,,,
247,97,0,TRUE,,,,
248,69,0,TRUE,,,,
249,101,0,TRUE,,,,
250,85,0,TRUE,,,,
251,191,0,TRUE,,,,
252,65,0,TRUE,,,,
253,68,0,TRUE,,,,
254,100,0,TRUE,,,,
255,81,0,TRUE,,,,
256,93,0,TRUE,,,,
257,77,0,TRUE,,,,
258,102,0,TRUE,,,,
259,79,0,TRUE,,,,
260,85,0,TRUE,,,,
261,84,0,TRUE,,,,
262,70,0,TRUE,,,,
263,68,0,TRUE,,,,
264,94,0,TRUE,,,,
265,75,0,TRUE,,,,
266,89,0,TRUE,,,,
267,62,0,TRUE,,,,
268,91,0,TRUE,,,,
269,91,0,TRUE,,,,
270,68,0,TRUE,,,,
271,84,0,TRUE,,,,
272,60,0,TRUE,,,,
273,120,0,TRUE,,,,
274,107,0,TRUE,,,,
275,155,0,TRUE,,,,
276,96,0,TRUE,,,,
277,73,0,TRUE,,,,
278,78,0,TRUE,,,,
279,79,0,TRUE,,,,
280,100,0,TRUE,,,,
281,91,0,TRUE,,,,
282,65,0,TRUE,,,,
283,92,0,TRUE,,,,
284,89,0,TRUE,,,,
285,73,0,TRUE,,,,
286,67,0,TRUE,,,,
287,81,0,TRUE,,,,
288,114,0,TRUE,,,,
289,89,0,TRUE,,,,
290,93,0,TRUE,,,,
291,69,0,TRUE,,,,
292,88,0,TRUE,,,,
293,56,0,TRUE,,,,
294,83,0,TRUE,,,,
295,55,0,TRUE,,,,
296,105,0,TRUE,,,,
297,122,0,TRUE,,,,
298,95,0,TRUE,,,,
299,126,0,TRUE,,,,
300,80,0,TRUE,,,,
301,72,0,TRUE,,,,
302,61,0,TRUE,,,,
303,123,0,TRUE,,,,
304,105,0,TRUE,,,,
305,74,0,TRUE,,,,
306,53,0,TRUE,,,,
307,75,0,TRUE,,,,
308,80,0,TRUE,,,,
309,107,0,TRUE,,,,
310,96,0,TRUE,,,,
311,114,0,TRUE,,,,
312,85,0,TRUE,,,,
313,118,0,TRUE,,,,
314,72,0,TRUE,,,,
315,58,0,TRUE,,,,
316,86,0,TRUE,,,,
317,87,0,TRUE,,,,
318,77,0,TRUE,,,,
319,102,0,TRUE,,,,
320,88,0,TRUE,,,,
321,81,0,TRUE,,,,
322,122,0,TRUE,,,,
323,60,0,TRUE,,,,
324,76,0,TRUE,,,,
325,53,0,TRUE,,,,
326,102,0,TRUE,,,,
327,45,0,TRUE,,,,
328,108,0,TRUE,,,,
329,84,0,TRUE,,,,
330,75,0,TRUE,,,,
331,110,0,TRUE,,,,
332,47,0,TRUE,,,,
333,120,0,TRUE,,,,
334,69,0,TRUE,,,,
335,87,0,TRUE,,,,
336,111,0,TRUE,,,,
337,103,0,TRUE,,,,
338,84,0,TRUE,,,,
339,74,0,TRUE,,,,
340,113,0,TRUE,,,,
341,79,0,TRUE,,,,
342,75,0,TRUE,,,,
343,114,0,TRUE,,,,
344,63,0,TRUE,,,,
345,117,0,TRUE,,,,
346,92,0,TRUE,,,,
347,49,0,TRUE,,,,
348,83,0,TRUE,,,,
349,75,0,TRUE,,,,
350,135,0,TRUE,,,,
351,78,0,TRUE,,,,
352,70,0,TRUE,,,,
353,80,0,TRUE,,,,
354,101,0,TRUE,,,,
355,51,0,TRUE,,,,
356,70,0,TRUE,,,,
357,118,0,TRUE,,,,
358,101,0,TRUE,,,,
359,90,0,TRUE,,,,
360,82,0,TRUE,,,,
361,89,0,TRUE,,,,
362,90,0,TRUE,,,,
363,82,0,TRUE,,,,
364,113,0,TRUE,,,,
365,124,0,TRUE,,,,
366,103,0,TRUE,,,,
367,92,0,TRUE,,,,
368,123,0,TRUE,,,,
369,81,0,TRUE,,,,
370,138,0,TRUE,,,,
371,96,0,TRUE,,,,
372,72,0,TRUE,,,,
373,72,0,TRUE,,,,
374,127,0,TRUE,,,,
375,85,0,TRUE,,,,
376,92,0,TRUE,,,,
377,119,0,TRUE,,,,
378,69,0,TRUE,,,,
379,134,0,TRUE,,,,
380,75,0,TRUE,,,,
381,108,0,TRUE,,,,
382,54,0,TRUE,,,,
383,115,0,TRUE,,,,
384,93,0,TRUE,,,,
385,112,0,TRUE,,,,
386,51,0,TRUE,,,,
387,68,0,TRUE,,,,
388,67,0,TRUE,,,,
389,100,0,TRUE,,,,
390,51,0,TRUE,,,,
391,90,0,TRUE,,,,
392,74,0,TRUE,,,,
393,84,0,TRUE,,,,
394,65,0,TRUE,,,,
395,111,0,TRUE,,,,
396,74,0,TRUE,,,,
397,100,0,TRUE,,,,
398,102,0,TRUE,,,,
399,55,0,TRUE,,,,
400,91,0,TRUE,,,,
401,70,0,TRUE,,,,
402,80,0,TRUE,,,,
403,76,0,TRUE,,,,
404,125,0,TRUE,,,,
405,76,0,TRUE,,,,
406,109,0,TRUE,,,,
407,86,0,TRUE,,,,
408,104,0,TRUE,,,,
409,51,0,TRUE,,,,
410,89,0,TRUE,,,,
411,74,0,TRUE,,,,
412,70,0,TRUE,,,,
413,106,0,TRUE,,,,
414,106,0,TRUE,,,,
415,100,0,TRUE,,,,
416,71,0,TRUE,,,,
417,67,0,TRUE,,,,
418,91,0,TRUE,,,,
419,74,0,TRUE,,,,
420,73,0,TRUE,,,,
421,102,0,TRUE,,,,
422,78,0,TRUE,,,,
423,63,0,TRUE,,,,
424,83,0,TRUE,,,,
425,70,0,TRUE,,,,
426,56,0,TRUE,,,,
427,76,0,TRUE,,,,
428,108,0,TRUE,,,,
429,71,0,TRUE,,,,
430,83,0,TRUE,,,,
431,91,0,TRUE,,,,
432,79,0,TRUE,,,,
433,104,0,TRUE,,,,
434,89,0,TRUE,,,,
435,86,0,TRUE,,,,
436,76,0,TRUE,,,,
437,83,0,TRUE,,,,
438,108,0,TRUE,,,,
439,94,0,TRUE,,,,
440,99,0,TRUE,,,,
441,95,0,TRUE,,,,
442,82,0,TRUE,,,,
443,57,0,TRUE,,,,
444,73,0,TRUE,,,,
445,103,0,TRUE,,,,
446,94,0,TRUE,,,,
447,75,0,TRUE,,,,
448,56,0,TRUE,,,,
449,64,0,TRUE,,,,
450,101,0,TRUE,,,,
451,91,0,TRUE,,,,
452,89,0,TRUE,,,,
453,100,0,TRUE,,,,
454,97,0,TRUE,,,,
455,89,0,TRUE,,,,
456,84,0,TRUE,,,,
457,111,0,TRUE,,,,
458,108,0,TRUE,,,,
459,100,0,TRUE,,,,
460,88,0,TRUE,,,,
461,80,0,TRUE,,,,
462,106,0,TRUE,,,,
463,86,0,TRUE,,,,
464,80,0,TRUE,,,,
465,96,0,TRUE,,,,
466,94,0,TRUE,,,,
467,93,0,TRUE,,,,
468,94,0,TRUE,,,,
469,90,0,TRUE,,,,
470,96,0,TRUE,,,,
471,76,0,TRUE,,,,
472,91,0,TRUE,,,,
473,98,0,TRUE,,,,
474,66,0,TRUE,,,,
475,78,0,TRUE,,,,
476,72,0,TRUE,,,,
477,96,0,TRUE,,,,
478,98,0,TRUE,,,,
479,64,0,TRUE,,,,
480,87,0,TRUE,,,,
481,44,0,TRUE,,,,
482,79,0,TRUE,,,,
483,78,0,TRUE,,,,
484,89,0,TRUE,,,,
485,63,0,TRUE,,,,
486,115,0,TRUE,,,,
487,92,0,TRUE,,,,
488,79,0,TRUE,,,,
489,72,0,TRUE,,,,
490,67,0,TRUE,,,,
491,75,0,TRUE,,,,
492,66,0,TRUE,,,,
493,45,0,TRUE,,,,
494,78,0,TRUE,,,,
495,100,0,TRUE,,,,
496,69,0,TRUE,,,,
497,93,0,TRUE,,,,
498,87,0,TRUE,,,,
499,87,0,TRUE,,,,
500,86,0,TRUE,,,,
501,60,0,TRUE,,,,
502,155,0,TRUE,,,,
503,59,0,TRUE,,,,
504,101,0,TRUE,,,,
505,94,0,TRUE,,,,
506,97,0,TRUE,,,,
507,60,0,TRUE,,,,
508,102,0,TRUE,,,,
509,73,0,TRUE,,,,
510,71,0,TRUE,,,,
511,81,0,TRUE,,,,
512,99,0,TRUE,,,,
513,106,0,TRUE,,,,
514,77,0,TRUE,,,,
515,77,0,TRUE,,,,
516,96,0,TRUE,,,,
517,62,0,TRUE,,,,
518,108,0,TRUE,,,,
519,83,0,TRUE,,,,
520,92,0,TRUE,,,,
521,54,0,TRUE,,,,
522,84,0,TRUE,,,,
523,72,0,TRUE,,,,
524,118,0,TRUE,,,,
525,61,0,TRUE,,,,
526,72,0,TRUE,,,,
527,47,0,TRUE,,,,
528,85,0,TRUE,,,,
529,99,0,TRUE,,,,
530,92,0,TRUE,,,,
531,64,0,TRUE,,,,
532,100,0,TRUE,,,,
533,111,0,TRUE,,,,
534,66,0,TRUE,,,,
535,57,0,TRUE,,,,
536,84,0,TRUE,,,,
537,98,0,TRUE,,,,
538,68,0,TRUE,,,,
539,77,0,TRUE,,,,
540,78,0,TRUE,,,,
541,94,0,TRUE,,,,
542,52,0,TRUE,,,,
543,107,0,TRUE,,,,
544,91,0,TRUE,,,,
545,102,0,TRUE,,,,
546,83,0,TRUE,,,,
547,89,0,TRUE,,,,
548,90,0,TRUE,,,,
549,192,0,TRUE,,,,
550,92,0,TRUE,,,,
551,94,0,TRUE,,,,
552,60,0,TRUE,,,,
553,73,0,TRUE,,,,
554,111,0,TRUE,,,,
555,114,0,TRUE,,,,
556,86,0,TRUE,,,,
557,74,0,TRUE,,,,
558,85,0,TRUE,,,,
559,99,0,TRUE,,,,
560,103,0,TRUE,,,,
561,66,0,TRUE,,,,
562,70,0,TRUE,,,,
563,72,0,TRUE,,,,
564,88,0,TRUE,,,,
565,67,0,TRUE,,,,
566,79,0,TRUE,,,,
567,58,0,TRUE,,,,
568,109,0,TRUE,,,,
569,80,0,TRUE,,,,
570,75,0,TRUE,,,,
571,90,0,TRUE,,,,
572,112,0,TRUE,,,,
573,99,0,TRUE,,,,
574,102,0,TRUE,,,,
575,115,0,TRUE,,,,
576,73,0,TRUE,,,,
577,103,0,TRUE,,,,
578,110,0,TRUE,,,,
579,84,0,TRUE,,,,
580,105,0,TRUE,,,,
581,88,0,TRUE,,,,
582,86,0,TRUE,,,,
583,90,0,TRUE,,,,
584,90,0,TRUE,,,,
585,95,0,TRUE,,,,
586,101,0,TRUE,,,,
587,67,0,TRUE,,,,
588,115,0,TRUE,,,,
589,107,0,TRUE,,,,
590,85,0,TRUE,,,,
591,66,0,TRUE,,,,
592,81,0,TRUE,,,,
593,64,0,TRUE,,,,
594,108,0,TRUE,,,,
595,66,0,TRUE,,,,
596,68,0,TRUE,,,,
597,92,0,TRUE,,,,
598,55,0,TRUE,,,,
599,89,0,TRUE,,,,
600,72,0,TRUE,,,,
601,90,0,TRUE,,,,
602,122,0,TRUE,,,,
603,55,0,TRUE,,,,
604,49,0,TRUE,,,,
605,115,0,TRUE,,,,
606,59,0,TRUE,,,,
607,187,0,TRUE,,,,
608,80,0,TRUE,,,,
609,86,0,TRUE,,,,
610,52,0,TRUE,,,,
611,94,0,TRUE,,,,
612,70,0,TRUE,,,,
613,58,0,TRUE,,,,
614,94,0,TRUE,,,,
615,77,0,TRUE,,,,
616,59,0,TRUE,,,,
617,75,0,TRUE,,,,
618,42,0,TRUE,,,,
619,70,0,TRUE,,,,
620,92,0,TRUE,,,,
621,135,0,TRUE,,,,
622,92,0,TRUE,,,,
623,110,0,TRUE,,,,
624,78,0,TRUE,,,,
625,108,0,TRUE,,,,
626,57,0,TRUE,,,,
627,98,0,TRUE,,,,
628,88,0,TRUE,,,,
629,64,0,TRUE,,,,
630,101,0,TRUE,,,,
631,90,0,TRUE,,,,
632,88,0,TRUE,,,,
633,86,0,TRUE,,,,
634,48,0,TRUE,,,,
635,91,0,TRUE,,,,
636,96,0,TRUE,,,,
637,107,0,TRUE,,,,
638,59,0,TRUE,,,,
639,96,0,TRUE,,,,
640,93,0,TRUE,,,,
641,59,0,TRUE,,,,
642,59,0,TRUE,,,,
643,59,0,TRUE,,,,
644,81,0,TRUE,,,,
645,90,0,TRUE,,,,
646,95,0,TRUE,,,,
647,86,0,TRUE,,,,
648,84,0,TRUE,,,,
649,82,0,TRUE,,,,
650,86,0,TRUE,,,,
651,48,0,TRUE,,,,
652,79,0,TRUE,,,,
653,128,0,TRUE,,,,
654,84,0,TRUE,,,,
655,86,0,TRUE,,,,
656,93,0,TRUE,,,,
657,51,0,TRUE,,,,
658,97,0,TRUE,,,,
659,85,0,TRUE,,,,
660,107,0,TRUE,,,,
661,87,0,TRUE,,,,
662,60,0,TRUE,,,,
663,71,0,TRUE,,,,
664,77,0,TRUE,,,,
665,128,0,TRUE,,,,
666,67,0,TRUE,,,,
667,85,0,TRUE,,,,
668,80,0,TRUE,,,,
669,118,0,TRUE,,,,
670,69,0,TRUE,,,,
671,111,0,TRUE,,,,
672,93,0,TRUE,,,,
673,59,0,TRUE,,,,
674,72,0,TRUE,,,,
675,64,0,TRUE,,,,
676,88,0,TRUE,,,,
677,120,0,TRUE,,,,
678,79,0,TRUE,,,,
679,117,0,TRUE,,,,
680,63,0,TRUE,,,,
681,93,0,TRUE,,,,
682,83,0,TRUE,,,,
683,82,0,TRUE,,,,
684,110,0,TRUE,,,,
685,109,0,TRUE,,,,
686,67,0,TRUE,,,,
687,103,0,TRUE,,,,
688,88,0,TRUE,,,,
689,84,0,TRUE,,,,
690,70,0,TRUE,,,,
691,65,0,TRUE,,,,
692,99,0,TRUE,,,,
693,75,0,TRUE,,,,
694,83,0,TRUE,,,,
695,92,0,TRUE,,,,
696,84,0,TRUE,,,,
697,108,0,TRUE,,,,
698,98,0,TRUE,,,,
699,60,0,TRUE,,,,
700,76,0,TRUE,,,,
701,108,0,TRUE,,,,
702,85,0,TRUE,,,,
703,87,0,TRUE,,,,
704,103,0,TRUE,,,,
705,76,0,TRUE,,,,
706,121,0,TRUE,,,,
707,69,0,TRUE,,,,
708,99,0,TRUE,,,,
709,92,0,TRUE,,,,
710,87,0,TRUE,,,,
711,73,0,TRUE,,,,
712,74,0,TRUE,,,,
713,72,0,TRUE,,,,
714,85,0,TRUE,,,,
715,108,0,TRUE,,,,
716,89,0,TRUE,,,,
717,91,0,TRUE,,,,
718,105,0,TRUE,,,,
719,137,0,TRUE,,,,
720,86,0,TRUE,,,,
721,73,0,TRUE,,,,
722,126,0,TRUE,,,,
723,115,0,TRUE,,,,
724,79,0,TRUE,,,,
725,79,0,TRUE,,,,
726,81,0,TRUE,,,,
727,100,0,TRUE,,,,
728,75,0,TRUE,,,,
729,100,0,TRUE,,,,
730,88,0,TRUE,,,,
731,97,0,TRUE,,,,
732,75,0,TRUE,,,,
733,72,0,TRUE,,,,
734,110,0,TRUE,,,,
735,62,0,TRUE,,,,
736,100,0,TRUE,,,,
737,133,0,TRUE,,,,
738,49,0,TRUE,,,,
739,85,0,TRUE,,,,
740,86,0,TRUE,,,,
741,97,0,TRUE,,,,
742,116,0,TRUE,,,,
743,83,0,TRUE,,,,
744,92,0,TRUE,,,,
745,64,0,TRUE,,,,
746,83,0,TRUE,,,,
747,63,0,TRUE,,,,
748,81,0,TRUE,,,,
749,99,0,TRUE,,,,
750,94,0,TRUE,,,,
751,137,0,TRUE,,,,
752,118,0,TRUE,,,,
753,100,0,TRUE,,,,
754,133,0,TRUE,,,,
755,126,0,TRUE,,,,
756,72,0,TRUE,,,,
757,97,0,TRUE,,,,
758,64,0,TRUE,,,,
759,100,0,TRUE,,,,
760,94,0,TRUE,,,,
761,40,0,TRUE,,,,
762,106,0,TRUE,,,,
763,107,0,TRUE,,,,
764,56,0,TRUE,,,,
765,80,0,TRUE,,,,
766,91,0,TRUE,,,,
767,75,0,TRUE,,,,
768,99,0,TRUE,,,,
769,91,0,TRUE,,,,
770,116,0,TRUE,,,,
771,84,0,TRUE,,,,
772,115,0,TRUE,,,,
773,65,0,TRUE,,,,
774,72,0,TRUE,,,,
775,63,0,TRUE,,,,
776,62,0,TRUE,,,,
777,85,0,TRUE,,,,
778,110,0,TRUE,,,,
779,95,0,TRUE,,,,
780,67,0,TRUE,,,,
781,89,0,TRUE,,,,
782,63,0,TRUE,,,,
783,64,0,TRUE,,,,
784,119,0,TRUE,,,,
785,120,0,TRUE,,,,
786,89,0,TRUE,,,,
787,62,0,TRUE,,,,
788,72,0,TRUE,,,,
789,75,0,TRUE,,,,
790,80,0,TRUE,,,,
791,73,0,TRUE,,,,
792,90,0,TRUE,,,,
793,86,0,TRUE,,,,
794,87,0,TRUE,,,,
795,125,0,TRUE,,,,
796,86,0,TRUE,,,,
797,63,0,TRUE,,,,
798,77,0,TRUE,,,,
799,98,0,TRUE,,,,
800,80,0,TRUE,,,,
801,110,0,TRUE,,,,
802,103,0,TRUE,,,,
803,110,0,TRUE,,,,
804,59,0,TRUE,,,,
805,102,0,TRUE,,,,
806,86,0,TRUE,,,,
807,79,0,TRUE,,,,
808,78,0,TRUE,,,,
809,101,0,TRUE,,,,
810,95,0,TRUE,,,,
811,61,0,TRUE,,,,
812,69,0,TRUE,,,,
813,78,0,TRUE,,,,
814,138,0,TRUE,,,,
815,110,0,TRUE,,,,
816,76,0,TRUE,,,,
817,79,0,TRUE,,,,
818,82,0,TRUE,,,,
819,57,0,TRUE,,,,
820,96,0,TRUE,,,,
821,102,0,TRUE,,,,
822,123,0,TRUE,,,,
823,101,0,TRUE,,,,
824,90,0,TRUE,,,,
825,72,0,TRUE,,,,
826,58,0,TRUE,,,,
827,72,0,TRUE,,,,
828,92,0,TRUE,,,,
829,94,0,TRUE,,,,
830,87,0,TRUE,,,,
831,80,0,TRUE,,,,
832,65,0,TRUE,,,,
833,96,0,TRUE,,,,
834,94,0,TRUE,,,,
835,101,0,TRUE,,,,
836,75,0,TRUE,,,,
837,66,0,TRUE,,,,
838,88,0,TRUE,,,,
839,70,0,TRUE,,,,
840,86,0,TRUE,,,,
841,101,0,TRUE,,,,
842,42,0,TRUE,,,,
843,78,0,TRUE,,,,
844,74,0,TRUE,,,,
845,84,0,TRUE,,,,
846,99,0,TRUE,,,,
847,80,0,TRUE,,,,
848,108,0,TRUE,,,,
849,53,0,TRUE,,,,
850,92,0,TRUE,,,,
851,90,0,TRUE,,,,
852,66,0,TRUE,,,,
853,106,0,TRUE,,,,
854,50,0,TRUE,,,,
855,95,0,TRUE,,,,
856,95,0,TRUE,,,,
857,97,0,TRUE,,,,
858,87,0,TRUE,,,,
859,70,0,TRUE,,,,
860,67,0,TRUE,,,,
861,94,0,TRUE,,,,
862,48,0,TRUE,,,,
863,95,0,TRUE,,,,
864,79,0,TRUE,,,,
865,99,0,TRUE,,,,
866,85,0,TRUE,,,,
867,118,0,TRUE,,,,
868,106,0,TRUE,,,,
869,84,0,TRUE,,,,
870,61,0,TRUE,,,,
871,96,0,TRUE,,,,
872,67,0,TRUE,,,,
873,78,0,TRUE,,,,
874,82,0,TRUE,,,,
875,66,0,TRUE,,,,
876,75,0,TRUE,,,,
877,78,0,TRUE,,,,
878,114,0,TRUE,,,,
879,53,0,TRUE,,,,
880,54,0,TRUE,,,,
881,96,0,TRUE,,,,
882,52,0,TRUE,,,,
883,141,0,TRUE,,,,
884,102,0,TRUE,,,,
885,134,0,TRUE,,,,
886,92,0,TRUE,,,,
887,61,0,TRUE,,,,
888,102,0,TRUE,,,,
889,62,0,TRUE,,,,
890,82,0,TRUE,,,,
891,58,0,TRUE,,,,
892,100,0,TRUE,,,,
893,90,0,TRUE,,,,
894,92,0,TRUE,,,,
895,64,0,TRUE,,,,
896,80,0,TRUE,,,,
897,73,0,TRUE,,,,
898,51,0,TRUE,,,,
899,94,0,TRUE,,,,
900,69,0,TRUE,,,,
901,58,0,TRUE,,,,
902,79,0,TRUE,,,,
903,83,0,TRUE,,,,
904,99,0,TRUE,,,,
905,71,0,TRUE,,,,
906,63,0,TRUE,,,,
907,74,0,TRUE,,,,
908,81,0,TRUE,,,,
909,76,0,TRUE,,,,
910,120,0,TRUE,,,,
911,94,0,TRUE,,,,
912,83,0,TRUE,,,,
913,42,0,TRUE,,,,
914,91,0,TRUE,,,,
915,74,0,TRUE,,,,
916,78,0,TRUE,,,,
917,68,0,TRUE,,,,
918,80,0,TRUE,,,,
919,78,0,TRUE,,,,
920,64,0,TRUE,,,,
921,87,0,TRUE,,,,
922,62,0,TRUE,,,,
923,66,0,TRUE,,,,
924,50,0,TRUE,,,,
925,80,0,TRUE,,,,
926,65,0,TRUE,,,,
927,66,0,TRUE,,,,
928,93,0,TRUE,,,,
929,62,0,TRUE,,,,
930,66,0,TRUE,,,,
931,89,0,TRUE,,,,
932,93,0,TRUE,,,,
933,82,0,TRUE,,,,
934,97,0,TRUE,,,,
935,74,0,TRUE,,,,
936,96,0,TRUE,,,,
937,64,0,TRUE,,,,
938,103,0,TRUE,,,,
939,90,0,TRUE,,,,
940,96,0,TRUE,,,,
941,97,0,TRUE,,,,
942,91,0,TRUE,,,,
943,115,0,TRUE,,,,
944,105,0,TRUE,,,,
945,92,0,TRUE,,,,
946,148,0,TRUE,,,,
947,85,0,TRUE,,,,
948,86,0,TRUE,,,,
949,80,0,TRUE,,,,
950,91,0,TRUE,,,,
951,92,0,TRUE,,,,
952,125,0,TRUE,,,,
953,120,0,TRUE,,,,
954,80,0,TRUE,,,,
955,103,0,TRUE,,,,
956,100,0,TRUE,,,,
957,84,0,TRUE,,,,
958,71,0,TRUE,,,,
959,86,0,TRUE,,,,
960,84,0,TRUE,,,,
961,90,0,TRUE,,,,
962,74,0,TRUE,,,,
963,73,0,TRUE,,,,
964,66,0,TRUE,,,,
965,80,0,TRUE,,,,
966,102,0,TRUE,,,,
967,85,0,TRUE,,,,
968,95,0,TRUE,,,,
969,35,0,TRUE,,,,
970,63,0,TRUE,,,,
971,78,0,TRUE,,,,
972,89,0,TRUE,,,,
973,101,0,TRUE,,,,
974,122,0,TRUE,,,,
975,73,0,TRUE,,,,
976,86,0,TRUE,,,,
977,86,0,TRUE,,,,
978,87,0,TRUE,,,,
979,65,0,TRUE,,,,
980,103,0,TRUE,,,,
981,112,0,TRUE,,,,
982,104,0,TRUE,,,,
983,70,0,TRUE,,,,
984,78,0,TRUE,,,,
985,100,0,TRUE,,,,
986,101,0,TRUE,,,,
987,84,0,TRUE,,,,
988,140,0,TRUE,,,,
989,90,0,TRUE,,,,
990,91,0,TRUE,,,,
991,86,0,TRUE,,,,
992,113,0,TRUE,,,,
993,92,0,TRUE,,,,
994,85,0,TRUE,,,,
995,98,0,TRUE,,,,
996,91,0,TRUE,,,,
997,62,0,TRUE,,,,
998,57,0,TRUE,,,,
999,68,0,TRUE,,,,
1000,87,0,TRUE,,,,
1001,107,0,TRUE,,,,
1002,82,0,TRUE,,,,
1003,52,0,TRUE,,,,
1004,86,0,TRUE,,,,
1005,73,0,TRUE,,,,
1006,66,0,TRUE,,,,
1007,97,0,TRUE,,,,
1008,50,0,TRUE,,,,
1009,94,0,TRUE,,,,
1010,88,0,TRUE,,,,
1011,81,0,TRUE,,,,
1012,84,0,TRUE,,,,
1013,72,0,TRUE,,,,
1014,36,0,TRUE,,,,
1015,81,0,TRUE,,,,
1016,82,0,TRUE,,,,
1017,48,0,TRUE,,,,
1018,102,0,TRUE,,,,
1019,81,0,TRUE,,,,
1020,50,0,TRUE,,,,
1021,63,0,TRUE,,,,
1022,67,0,TRUE,,,,
1023,83,0,TRUE,,,,
1024,108,0,TRUE,,,,
1025,83,0,TRUE,,,,
1026,79,0,TRUE,,,,
1027,85,0,TRUE,,,,
1028,95,0,TRUE,,,,
1029,88,0,TRUE,,,,
1030,101,0,TRUE,,,,
1031,57,0,TRUE,,,,
1032,103,0,TRUE,,,,
1033,61,0,TRUE,,,,
1034,121,0,TRUE,,,,
1035,80,0,TRUE,,,,
1036,94,0,TRUE,,,,
1037,86,0,TRUE,,,,
1038,61,0,TRUE,,,,
1039,77,0,TRUE,,,,
1040,88,0,TRUE,,,,
1041,93,0,TRUE,,,,
1042,70,0,TRUE,,,,
1043,71,0,TRUE,,,,
1044,67,0,TRUE,,,,
1045,55,0,TRUE,,,,
1046,83,0,TRUE,,,,
1047,66,0,TRUE,,,,
1048,110,0,TRUE,,,,
1049,67,0,TRUE,,,,
1050,95,0,TRUE,,,,
1051,77,0,TRUE,,,,
1052,66,0,TRUE,,,,
1053,79,0,TRUE,,,,
1054,59,0,TRUE,,,,
1055,71,0,TRUE,,,,
1056,103,0,TRUE,,,,
1057,112,0,TRUE,,,,
1058,83,0,TRUE,,,,
1059,81,0,TRUE,,,,
1060,94,0,TRUE,,,,
1061,100,0,TRUE,,,,
1062,53,0,TRUE,,,,
1063,83,0,TRUE,,,,
1064,82,0,TRUE,,,,
1065,78,0,TRUE,,,,
1066,91,0,TRUE,,,,
1067,115,0,TRUE,,,,
1068,65,0,TRUE,,,,
1069,93,0,TRUE,,,,
1070,79,0,TRUE,,,,
1071,59,0,TRUE,,,,
1072,63,0,TRUE,,,,
1073,90,0,TRUE,,,,
1074,64,0,TRUE,,,,
1075,60,0,TRUE,,,,
1076,68,0,TRUE,,,,
1077,106,0,TRUE,,,,
1078,68,0,TRUE,,,,
1079,86,0,TRUE,,,,
1080,74,0,TRUE,,,,
1081,109,0,TRUE,,,,
1082,70,0,TRUE,,,,
1083,68,0,TRUE,,,,
1084,94,0,TRUE,,,,
1085,87,0,TRUE,,,,
1086,85,0,TRUE,,,,
1087,101,0,TRUE,,,,
1088,75,0,TRUE,,,,
1089,75,0,TRUE,,,,
1090,76,0,TRUE,,,,
1091,88,0,TRUE,,,,
1092,73,0,TRUE,,,,
1093,149,0,TRUE,,,,
1094,56,0,TRUE,,,,
1095,72,0,TRUE,,,,
1096,85,0,TRUE,,,,
1097,88,0,TRUE,,,,
1098,88,0,TRUE,,,,
1099,85,0,TRUE,,,,
1100,60,0,TRUE,,,,
1101,57,0,TRUE,,,,
1102,62,0,TRUE,,,,
1103,74,0,TRUE,,,,
1104,90,0,TRUE,,,,
1105,74,0,TRUE,,,,
1106,62,0,TRUE,,,,
1107,97,0,TRUE,,,,
1108,42,0,TRUE,,,,
1109,71,0,TRUE,,,,
1110,73,0,TRUE,,,,
1111,78,0,TRUE,,,,
1112,88,0,TRUE,,,,
1113,61,0,TRUE,,,,
1114,96,0,TRUE,,,,
1115,77,0,TRUE,,,,
1116,88,0,TRUE,,,,
1117,75,0,TRUE,,,,
1118,79,0,TRUE,,,,
1119,78,0,TRUE,,,,
1120,71,0,TRUE,,,,
1121,107,0,TRUE,,,,
1122,83,0,TRUE,,,,
1123,88,0,TRUE,,,,
1124,51,0,TRUE,,,,
1125,61,0,TRUE,,,,
1126,68,0,TRUE,,,,
1127,89,0,TRUE,,,,
1128,91,0,TRUE,,,,
1129,91,0,TRUE,,,,
1130,73,0,TRUE,,,,
1131,70,0,TRUE,,,,
1132,63,0,TRUE,,,,
1133,143,0,TRUE,,,,
1134,108,0,TRUE,,,,
1135,83,0,TRUE,,,,
1136,91,0,TRUE,,,,
1137,78,0,TRUE,,,,
1138,79,0,TRUE,,,,
1139,145,0,TRUE,,,,
1140,78,0,TRUE,,,,
1141,126,0,TRUE,,,,
1142,58,0,TRUE,,,,
1143,104,0,TRUE,,,,
1144,108,0,TRUE,,,,
1145,87,0,TRUE,,,,
1146,118,0,TRUE,,,,
1147,77,0,TRUE,,,,
1148,97,0,TRUE,,,,
1149,75,0,TRUE,,,,
1150,65,0,TRUE,,,,
1151,61,0,TRUE,,,,
1152,80,0,TRUE,,,,
1153,59,0,TRUE,,,,
1154,81,0,TRUE,,,,
1155,81,0,TRUE,,,,
1156,54,0,TRUE,,,,
1157,107,0,TRUE,,,,
1158,98,0,TRUE,,,,
1159,47,0,TRUE,,,,
1160,73,0,TRUE,,,,
1161,66,0,TRUE,,,,
1162,86,0,TRUE,,,,
1163,96,0,TRUE,,,,
1164,73,0,TRUE,,,,
1165,66,0,TRUE,,,,
1166,77,0,TRUE,,,,
1167,76,0,TRUE,,,,
1168,45,0,TRUE,,,,
1169,54,0,TRUE,,,,
1170,59,0,TRUE,,,,
1171,93,0,TRUE,,,,
1172,75,0,TRUE,,,,
1173,71,0,TRUE,,,,
1174,66,0,TRUE,,,,
1175,72,0,TRUE,,,,
1176,84,0,TRUE,,,,
1177,79,0,TRUE,,,,
1178,84,0,TRUE,,,,
1179,59,0,TRUE,,,,
1180,60,0,TRUE,,,,
1181,66,0,TRUE,,,,
1182,69,0,TRUE,,,,
1183,64,0,TRUE,,,,
1184,52,0,TRUE,,,,
1185,84,0,TRUE,,,,
1186,75,0,TRUE,,,,
1187,75,0,TRUE,,,,
1188,82,0,TRUE,,,,
1189,75,0,TRUE,,,,
1190,41,0,TRUE,,,,
1191,127,0,TRUE,,,,
1192,68,0,TRUE,,,,
1193,114,0,TRUE,,,,
1194,68,0,TRUE,,,,
1195,90,0,TRUE,,,,
1196,96,0,TRUE,,,,
1197,50,0,TRUE,,,,
1198,90,0,TRUE,,,,
1199,75,0,TRUE,,,,
1200,76,0,TRUE,,,,
1201,62,0,TRUE,,,,
1202,133,0,TRUE,,,,
1203,88,0,TRUE,,,,
1204,98,0,TRUE,,,,
1205,93,0,TRUE,,,,
1206,69,0,TRUE,,,,
1207,81,0,TRUE,,,,
1208,109,0,TRUE,,,,
1209,87,0,TRUE,,,,
1210,61,0,TRUE,,,,
1211,86,0,TRUE,,,,
1212,66,0,TRUE,,,,
1213,98,0,TRUE,,,,
1214,79,0,TRUE,,,,
1215,90,0,TRUE,,,,
1216,89,0,TRUE,,,,
1217,77,0,TRUE,,,,
1218,73,0,TRUE,,,,
1219,66,0,TRUE,,,,
1220,102,0,TRUE,,,,
1221,77,0,TRUE,,,,
1222,69,0,TRUE,,,,
1223,68,0,TRUE,,,,
1224,123,0,TRUE,,,,
1225,93,0,TRUE,,,,
1226,74,0,TRUE,,,,
1227,77,0,TRUE,,,,
1228,47,0,TRUE,,,,
1229,71,0,TRUE,,,,
1230,89,0,TRUE,,,,
1231,88,0,TRUE,,,,
1232,39,0,TRUE,,,,
1233,72,0,TRUE,,,,
1234,78,0,TRUE,,,,
1235,90,0,TRUE,,,,
1236,65,0,TRUE,,,,
1237,70,0,TRUE,,,,
1238,47,0,TRUE,,,,
1239,60,0,TRUE,,,,
1240,123,0,TRUE,,,,
1241,75,0,TRUE,,,,
1242,108,0,TRUE,,,,
1243,73,0,TRUE,,,,
1244,91,0,TRUE,,,,
1245,75,0,TRUE,,,,
1246,82,0,TRUE,,,,
1247,72,0,TRUE,,,,
1248,83,0,TRUE,,,,
1249,87,0,TRUE,,,,
1250,82,0,TRUE,,,,
1251,67,0,TRUE,,,,
1252,60,0,TRUE,,,,
1253,86,0,TRUE,,,,
1254,86,0,TRUE,,,,
1255,72,0,TRUE,,,,
1256,57,0,TRUE,,,,
1257,57,0,TRUE,,,,
1258,75,0,TRUE,,,,
1259,84,0,TRUE,,,,
1260,65,0,TRUE,,,,
1261,75,0,TRUE,,,,
1262,85,0,TRUE,,,,
1263,75,0,TRUE,,,,
1264,99,0,TRUE,,,,
1265,81,0,TRUE,,,,
1266,60,0,TRUE,,,,
1267,67,0,TRUE,,,,
1268,81,0,TRUE,,,,
1269,104,0,TRUE,,,,
1270,93,0,TRUE,,,,
1271,74,0,TRUE,,,,
1272,92,0,TRUE,,,,
1273,70,0,TRUE,,,,
1274,72,0,TRUE,,,,
1275,103,0,TRUE,,,,
1276,127,0,TRUE,,,,
1277,98,0,TRUE,,,,
1278,72,0,TRUE,,,,
1279,99,0,TRUE,,,,
1280,63,0,TRUE,,,,
1281,80,0,TRUE,,,,
1282,63,0,TRUE,,,,
1283,57,0,TRUE,,,,
1284,80,0,TRUE,,,,
1285,110,0,TRUE,,,,
1286,64,0,TRUE,,,,
1287,92,0,TRUE,,,,
1288,76,0,TRUE,,,,
1289,90,0,TRUE,,,,
1290,69,0,TRUE,,,,
1291,83,0,TRUE,,,,
1292,103,0,TRUE,,,,
1293,88,0,TRUE,,,,
1294,80,0,TRUE,,,,
1295,101,0,TRUE,,,,
1296,66,0,TRUE,,,,
1297,67,0,TRUE,,,,
1298,94,0,TRUE,,,,
1299,78,0,TRUE,,,,
1300,71,0,TRUE,,,,
1301,60,0,TRUE,,,,
1302,96,0,TRUE,,,,
1303,54,0,TRUE,,,,
1304,92,0,TRUE,,,,
1305,65,0,TRUE,,,,
1306,59,0,TRUE,,,,
1307,85,0,TRUE,,,,
1308,65,0,TRUE,,,,
1309,70,0,TRUE,,,,
1310,64,0,TRUE,,,,
1311,84,0,TRUE,,,,
1312,42,0,TRUE,,,,
1313,56,0,TRUE,,,,
1314,71,0,TRUE,,,,
1315,91,0,TRUE,,,,
1316,58,0,TRUE,,,,
1317,71,0,TRUE,,,,
1318,63,0,TRUE,,,,
1319,93,0,TRUE,,,,
1320,49,0,TRUE,,,,
1321,90,0,TRUE,,,,
1322,78,0,TRUE,,,,
1323,75,0,TRUE,,,,
1324,44,0,TRUE,,,,
1325,58,0,TRUE,,,,
1326,63,0,TRUE,,,,
1327,89,0,TRUE,,,,
1328,85,0,TRUE,,,,
1329,67,0,TRUE,,,,
1330,57,0,TRUE,,,,
1331,80,0,TRUE,,,,
1332,71,0,TRUE,,,,
1333,77,0,TRUE,,,,
1334,86,0,TRUE,,,,
1335,76,0,TRUE,,,,
1336,129,0,TRUE,,,,
1337,70,0,TRUE,,,,
1338,74,0,TRUE,,,,
1339,73,0,TRUE,,,,
1340,73,0,TRUE,,,,
1341,94,0,TRUE,,,,
1342,84,0,TRUE,,,,
1343,103,0,TRUE,,,,
1344,64,0,TRUE,,,,
1345,67,0,TRUE,,,,
1346,66,0,TRUE,,,,
1347,66,0,TRUE,,,,
1348,97,0,TRUE,,,,
1349,72,0,TRUE,,,,
1350,101,0,TRUE,,,,
1351,66,0,TRUE,,,,
1352,70,0,TRUE,,,,
1353,72,0,TRUE,,,,
1354,91,0,TRUE,,,,
1355,81,0,TRUE,,,,
1356,85,0,TRUE,,,,
1357,119,0,TRUE,,,,
1358,89,0,TRUE,,,,
1359,94,0,TRUE,,,,
1360,82,0,TRUE,,,,
1361,104,0,TRUE,,,,
1362,57,0,TRUE,,,,
1363,91,0,TRUE,,,,
1364,46,0,TRUE,,,,
1365,89,0,TRUE,,,,
1366,80,0,TRUE,,,,
1367,101,0,TRUE,,,,
1368,69,0,TRUE,,,,
1369,85,0,TRUE,,,,
1370,61,0,TRUE,,,,
1371,83,0,TRUE,,,,
1372,72,0,TRUE,,,,
1373,62,0,TRUE,,,,
1374,47,0,TRUE,,,,
1375,41,0,TRUE,,,,
1376,82,0,TRUE,,,,
1377,89,0,TRUE,,,,
1378,75,0,TRUE,,,,
1379,81,0,TRUE,,,,
1380,77,0,TRUE,,,,
1381,86,0,TRUE,,,,
1382,62,0,TRUE,,,,
1383,53,0,TRUE,,,,
1384,71,0,TRUE,,,,
1385,77,0,TRUE,,,,
1386,76,0,TRUE,,,,
1387,71,0,TRUE,,,,
1388,72,0,TRUE,,,,
1389,61,0,TRUE,,,,
1390,98,0,TRUE,,,,
1391,41,0,TRUE,,,,
1392,69,0,TRUE,,,,
1393,74,0,TRUE,,,,
1394,68,0,TRUE,,,,
1395,80,0,TRUE,,,,
1396,94,0,TRUE,,,,
1397,72,0,TRUE,,,,
1398,68,0,TRUE,,,,
1399,60,0,TRUE,,,,
1400,58,0,TRUE,,,,
1401,125,0,TRUE,,,,
1402,80,0,TRUE,,,,
1403,48,0,TRUE,,,,
1404,41,0,TRUE,,,,
1405,64,0,TRUE,,,,
1406,79,0,TRUE,,,,
1407,61,0,TRUE,,,,
1408,58,0,TRUE,,,,
1409,80,0,TRUE,,,,
1410,75,0,TRUE,,,,
1411,92,0,TRUE,,,,
1412,137,0,TRUE,,,,
1413,65,0,TRUE,,,,
1414,66,0,TRUE,,,,
1415,47,0,TRUE,,,,
1416,53,0,TRUE,,,,
1417,105,0,TRUE,,,,
1418,63,0,TRUE,,,,
1419,54,0,TRUE,,,,
1420,81,0,TRUE,,,,
1421,67,0,TRUE,,,,
1422,96,0,TRUE,,,,
1423,88,0,TRUE,,,,
1424,82,0,TRUE,,,,
1425,72,0,TRUE,,,,
1426,62,0,TRUE,,,,
1427,107,0,TRUE,,,,
1428,57,0,TRUE,,,,
1429,114,0,TRUE,,,,
1430,50,0,TRUE,,,,
1431,102,0,TRUE,,,,
1432,94,0,TRUE,,,,
1433,100,0,TRUE,,,,
1434,69,0,TRUE,,,,
1435,91,0,TRUE,,,,
1436,100,0,TRUE,,,,
1437,106,0,TRUE,,,,
1438,115,0,TRUE,,,,
1439,79,0,TRUE,,,,
1440,84,0,TRUE,,,,
1441,81,0,TRUE,,,,
1442,63,0,TRUE,,,,
1443,58,0,TRUE,,,,
1444,65,0,TRUE,,,,
1445,87,0,TRUE,,,,
1446,131,0,TRUE,,,,
1447,90,0,TRUE,,,,
1448,54,0,TRUE,,,,
1449,119,0,TRUE,,,,
1450,104,0,TRUE,,,,
1451,87,0,TRUE,,,,
1452,97,0,TRUE,,,,
1453,69,0,TRUE,,,,
1454,68,0,TRUE,,,,
1455,83,0,TRUE,,,,
1456,48,0,TRUE,,,,
1457,46,0,TRUE,,,,
1458,80,0,TRUE,,,,
1459,86,0,TRUE,,,,
1460,58,0,TRUE,,,,
1461,47,0,TRUE,,,,
1462,78,0,TRUE,,,,
1463,82,0,TRUE,,,,
1464,89,0,TRUE,,,,
1465,72,0,TRUE,,,,
1466,121,0,TRUE,,,,
1467,83,0,TRUE,,,,
1468,81,0,TRUE,,,,
1469,71,0,TRUE,,,,
1470,90,0,TRUE,,,,
1471,58,0,TRUE,,,,
1472,103,0,TRUE,,,,
1473,71,0,TRUE,,,,
1474,99,0,TRUE,,,,
1475,69,0,TRUE,,,,
1476,69,0,TRUE,,,,
1477,68,0,TRUE,,,,
1478,87,0,TRUE,,,,
1479,72,0,TRUE,,,,
1480,57,0,TRUE,,,,
1481,79,0,TRUE,,,,
1482,37,0,TRUE,,,,
1483,82,0,TRUE,,,,
1484,80,0,TRUE,,,,
1485,87,0,TRUE,,,,
1486,96,0,TRUE,,,,
1487,90,0,TRUE,,,,
1488,101,0,TRUE,,,,
1489,57,0,TRUE,,,,
1490,82,0,TRUE,,,,
1491,43,0,TRUE,,,,
1492,43,0,TRUE,,,,
1493,91,0,TRUE,,,,
1494,48,0,TRUE,,,,
1495,50,0,TRUE,,,,
1496,52,0,TRUE,,,,
1497,89,0,TRUE,,,,
1498,92,0,TRUE,,,,
1499,119,0,TRUE,,,,
1500,117,0,TRUE,,,,
1501,48,0,TRUE,,,,
1502,78,0,TRUE,,,,
1503,59,0,TRUE,,,,
1504,75,0,TRUE,,,,
1505,87,0,TRUE,,,,
1506,84,0,TRUE,,,,
1507,80,0,TRUE,,,,
1508,77,0,TRUE,,,,
1509,64,0,TRUE,,,,
1510,99,0,TRUE,,,,
1511,87,0,TRUE,,,,
1512,75,0,TRUE,,,,
1513,94,0,TRUE,,,,
1514,68,0,TRUE,,,,
1515,70,0,TRUE,,,,
1516,81,0,TRUE,,,,
1517,86,0,TRUE,,,,
1518,105,0,TRUE,,,,
1519,85,0,TRUE,,,,
1520,57,0,TRUE,,,,
1521,56,0,TRUE,,,,
1522,107,0,TRUE,,,,
1523,58,0,TRUE,,,,
1524,67,0,TRUE,,,,
1525,85,0,TRUE,,,,
1526,97,0,TRUE,,,,
1527,52,0,TRUE,,,,
1528,67,0,TRUE,,,,
1529,97,0,TRUE,,,,
1530,67,0,TRUE,,,,
1531,75,0,TRUE,,,,
1532,80,0,TRUE,,,,
1533,66,0,TRUE,,,,
1534,70,0,TRUE,,,,
1535,95,0,TRUE,,,,
1536,65,0,TRUE,,,,
1537,97,0,TRUE,,,,
1538,72,0,TRUE,,,,
1539,87,0,TRUE,,,,
1540,51,0,TRUE,,,,
1541,84,0,TRUE,,,,
1542,64,0,TRUE,,,,
1543,68,0,TRUE,,,,
1544,81,0,TRUE,,,,
1545,114,0,TRUE,,,,
1546,85,0,TRUE,,,,
1547,75,0,TRUE,,,,
1548,81,0,TRUE,,,,
1549,55,0,TRUE,,,,
1550,74,0,TRUE,,,,
1551,79,0,TRUE,,,,
1552,99,0,TRUE,,,,
1553,85,0,TRUE,,,,
1554,80,0,TRUE,,,,
1555,42,0,TRUE,,,,
1556,75,0,TRUE,,,,
1557,79,0,TRUE,,,,
1558,60,0,TRUE,,,,
1559,103,0,TRUE,,,,
1560,104,0,TRUE,,,,
1561,72,0,TRUE,,,,
1562,68,0,TRUE,,,,
1563,59,0,TRUE,,,,
1564,94,0,TRUE,,,,
1565,84,0,TRUE,,,,
1566,61,0,TRUE,,,,
1567,73,0,TRUE,,,,
1568,70,0,TRUE,,,,
1569,100,0,TRUE,,,,
1570,65,0,TRUE,,,,
1571,103,0,TRUE,,,,
1572,34,0,TRUE,,,,
1573,93,0,TRUE,,,,
1574,128,0,TRUE,,,,
1575,69,0,TRUE,,,,
1576,91,0,TRUE,,,,
1577,72,0,TRUE,,,,
1578,89,0,TRUE,,,,
1579,80,0,TRUE,,,,
1580,66,0,TRUE,,,,
1581,62,0,TRUE,,,,
1582,49,0,TRUE,,,,
1583,66,0,TRUE,,,,
1584,75,0,TRUE,,,,
1585,88,0,TRUE,,,,
1586,72,0,TRUE,,,,
1587,76,0,TRUE,,,,
1588,93,0,TRUE,,,,
1589,82,0,TRUE,,,,
1590,101,0,TRUE,,,,
1591,133,0,TRUE,,,,
1592,61,0,TRUE,,,,
1593,49,0,TRUE,,,,
1594,87,0,TRUE,,,,
1595,82,0,TRUE,,,,
1596,87,0,TRUE,,,,
1597,76,0,TRUE,,,,
1598,96,0,TRUE,,,,
1599,110,0,TRUE,,,,
1600,54,0,TRUE,,,,
1601,121,0,TRUE,,,,
1602,50,0,TRUE,,,,
1603,101,0,TRUE,,,,
1604,72,0,TRUE,,,,
1605,70,0,TRUE,,,,
1606,70,0,TRUE,,,,
1607,99,0,TRUE,,,,
1608,64,0,TRUE,,,,
1609,67,0,TRUE,,,,
1610,67,0,TRUE,,,,
1611,78,0,TRUE,,,,
1612,50,0,TRUE,,,,
1613,74,0,TRUE,,,,
1614,76,0,TRUE,,,,
1615,82,0,TRUE,,,,
1616,66,0,TRUE,,,,
1617,43,0,TRUE,,,,
1618,76,0,TRUE,,,,
1619,78,0,TRUE,,,,
1620,82,0,TRUE,,,,
1621,90,0,TRUE,,,,
1622,68,0,TRUE,,,,
1623,78,0,TRUE,,,,
1624,55,0,TRUE,,,,
1625,76,0,TRUE,,,,
1626,86,0,TRUE,,,,
1627,63,0,TRUE,,,,
1628,58,0,TRUE,,,,
1629,89,0,TRUE,,,,
1630,79,0,TRUE,,,,
1631,74,0,TRUE,,,,
1632,60,0,TRUE,,,,
1633,82,0,TRUE,,,,
1634,96,0,TRUE,,,,
1635,68,0,TRUE,,,,
1636,82,0,TRUE,,,,
1637,102,0,TRUE,,,,
1638,72,0,TRUE,,,,
1639,66,0,TRUE,,,,
1640,85,0,TRUE,,,,
1641,64,0,TRUE,,,,
1642,41,0,TRUE,,,,
1643,112,0,TRUE,,,,
1644,90,0,TRUE,,,,
1645,79,0,TRUE,,,,
1646,92,0,TRUE,,,,
1647,108,0,TRUE,,,,
1648,69,0,TRUE,,,,
1649,92,0,TRUE,,,,
1650,66,0,TRUE,,,,
1651,84,0,TRUE,,,,
1652,109,0,TRUE,,,,
1653,175,0,TRUE,,,,
1654,57,0,TRUE,,,,
1655,61,0,TRUE,,,,
1656,99,0,TRUE,,,,
1657,91,0,TRUE,,,,
1658,98,0,TRUE,,,,
1659,77,0,TRUE,,,,
1660,73,0,TRUE,,,,
1661,43,0,TRUE,,,,
1662,93,0,TRUE,,,,
1663,74,0,TRUE,,,,
1664,66,0,TRUE,,,,
1665,75,0,TRUE,,,,
1666,60,0,TRUE,,,,
1667,97,0,TRUE,,,,
1668,87,0,TRUE,,,,
1669,56,0,TRUE,,,,
1670,72,0,TRUE,,,,
1671,48,0,TRUE,,,,
1672,74,0,TRUE,,,,
1673,58,0,TRUE,,,,
1674,48,0,TRUE,,,,
1675,86,0,TRUE,,,,
1676,80,0,TRUE,,,,
1677,40,0,TRUE,,,,
1678,108,0,TRUE,,,,
1679,100,0,TRUE,,,,
1680,56,0,TRUE,,,,
1681,142,0,TRUE,,,,
1682,60,0,TRUE,,,,
1683,128,0,TRUE,,,,
1684,59,0,TRUE,,,,
1685,85,0,TRUE,,,,
1686,94,0,TRUE,,,,
1687,75,0,TRUE,,,,
1688,78,0,TRUE,,,,
1689,134,0,TRUE,,,,
1690,91,0,TRUE,,,,
1691,75,0,TRUE,,,,
1692,83,0,TRUE,,,,
1693,69,0,TRUE,,,,
1694,88,0,TRUE,,,,
1695,37,0,TRUE,,,,
1696,63,0,TRUE,,,,
1697,46,0,TRUE,,,,
1698,76,0,TRUE,,,,
1699,91,0,TRUE,,,,
1700,69,0,TRUE,,,,
1701,69,0,TRUE,,,,
1702,85,0,TRUE,,,,
1703,74,0,TRUE,,,,
1704,73,0,TRUE,,,,
1705,91,0,TRUE,,,,
1706,68,0,TRUE,,,,
1707,68,0,TRUE,,,,
1708,84,0,TRUE,,,,
1709,66,0,TRUE,,,,
1710,61,0,TRUE,,,,
1711,75,0,TRUE,,,,
1712,74,0,TRUE,,,,
1713,44,0,TRUE,,,,
1714,88,0,TRUE,,,,
1715,75,0,TRUE,,,,
1716,98,0,TRUE,,,,
1717,59,0,TRUE,,,,
1718,69,0,TRUE,,,,
1719,93,0,TRUE,,,,
1720,76,0,TRUE,,,,
1721,51,0,TRUE,,,,
1722,84,0,TRUE,,,,
1723,68,0,TRUE,,,,
1724,109,0,TRUE,,,,
1725,62,0,TRUE,,,,
1726,32,0,TRUE,,,,
1727,95,0,TRUE,,,,
1728,61,0,TRUE,,,,
1729,102,0,TRUE,,,,
1730,81,0,TRUE,,,,
1731,72,0,TRUE,,,,
1732,92,0,TRUE,,,,
1733,54,0,TRUE,,,,
1734,58,0,TRUE,,,,
1735,87,0,TRUE,,,,
1736,107,0,TRUE,,,,
1737,61,0,TRUE,,,,
1738,73,0,TRUE,,,,
1739,75,0,TRUE,,,,
1740,57,0,TRUE,,,,
1741,93,0,TRUE,,,,
1742,111,0,TRUE,,,,
1743,72,0,TRUE,,,,
1744,75,0,TRUE,,,,
1745,62,0,TRUE,,,,
1746,66,0,TRUE,,,,
1747,67,0,TRUE,,,,
1748,86,0,TRUE,,,,
1749,69,0,TRUE,,,,
1750,83,0,TRUE,,,,
1751,67,0,TRUE,,,,
1752,73,0,TRUE,,,,
1753,86,0,TRUE,,,,
1754,79,0,TRUE,,,,
1755,70,0,TRUE,,,,
1756,67,0,TRUE,,,,
1757,94,0,TRUE,,,,
1758,56,0,TRUE,,,,
1759,83,0,TRUE,,,,
1760,86,0,TRUE,,,,
1761,65,0,TRUE,,,,
1762,92,0,TRUE,,,,
1763,104,0,TRUE,,,,
1764,69,0,TRUE,,,,
1765,79,0,TRUE,,,,
1766,68,0,TRUE,,,,
1767,99,0,TRUE,,,,
1768,53,0,TRUE,,,,
1769,91,0,TRUE,,,,
1770,101,0,TRUE,,,,
1771,108,0,TRUE,,,,
1772,83,0,TRUE,,,,
1773,67,0,TRUE,,,,
1774,92,0,TRUE,,,,
1775,68,0,TRUE,,,,
1776,82,0,TRUE,,,,
1777,83,0,TRUE,,,,
1778,90,0,TRUE,,,,
1779,76,0,TRUE,,,,
1780,97,0,TRUE,,,,
1781,53,0,TRUE,,,,
1782,97,0,TRUE,,,,
1783,78,0,TRUE,,,,
1784,75,0,TRUE,,,,
1785,78,0,TRUE,,,,
1786,73,0,TRUE,,,,
1787,79,0,TRUE,,,,
1788,82,0,TRUE,,,,
1789,79,0,TRUE,,,,
1790,60,0,TRUE,,,,
1791,63,0,TRUE,,,,
1792,84,0,TRUE,,,,
1793,69,0,TRUE,,,,
1794,72,0,TRUE,,,,
1795,66,0,TRUE,,,,
1796,84,0,TRUE,,,,
1797,94,0,TRUE,,,,
1798,84,0,TRUE,,,,
1799,78,0,TRUE,,,,
1800,69,0,TRUE,,,,
1801,74,0,TRUE,,,,
1802,88,0,TRUE,,,,
1803,133,0,TRUE,,,,
1804,97,0,TRUE,,,,
1805,122,0,TRUE,,,,
1806,72,0,TRUE,,,,
1807,72,0,TRUE,,,,
1808,75,0,TRUE,,,,
1809,77,0,TRUE,,,,
